facility,city,state,or_pathway_code,or_ci,ca_pathway_code,ca_ci,or_minus_ca_ci,or_effective_date,ca_effective_date,or_process_type,ca_process_type,coproduct,ca_coproduct,or_feedstock_description,ca_feedstock_description,or_gas_source,ca_gas_source,or_electricity_source,ca_electricity_source,match_type,z_score,outside_2_stddev
Poet Biorefinning-Coon Rapids,Coon Rapids,IA,OR,62.64,CA,66.28,-3.6400000000000006,2025-07-10,2026-05-19,Starch,Starch,WDGS,WDGS,Corn,Corn (009),,Natural Gas,,Grid Electricity,exact,3.4905198454040858,True
Poet Biorefinning-Jewell LLC,Jewell,IA,OR,62.32,CA,67.19,-4.869999999999997,2025-07-10,2026-05-19,Starch,Starch,WDGS,WDGS,Corn,Corn (009),,Natural Gas,,Grid Electricity,exact,2.9642893245043864,True
Poet Biorefinning-Corning LLC,Corning,IA,OR,60.92,CA,66.57,-5.6499999999999915,2025-07-10,2026-05-19,Starch,Starch,WDGS,WDGS,Corn,Corn (009),,Natural Gas,,Grid Electricity,exact,2.6305821649094567,True
Siouxland Energy Cooperative,Sioux Center,IA,OR,52.72,CA,61.09,-8.370000000000005,2025-07-10,2026-05-19,Starch,Starch,WDGS,DDGS,Corn,Corn (009),,Natural Gas,,Grid Electricity,exact,1.4668854032450722,False
Kappa Ethanol LLC,Minden,NE,OR,50.51,CA,61.25,-10.740000000000002,2025-07-10,2026-05-19,Starch,Starch,WDGS,WDGS,Corn,Corn (009),Natural Gas,Natural Gas,Grid Electricity,Grid Electricity,exact,0.45292903370662546,False
Husker Ag LLC,Plainview,NE,OR,53.09,CA,63.99,-10.899999999999999,2025-07-10,2026-05-19,Starch,Starch,DDGS+MDGS,DDGS + MDGS,Corn,Corn (009),,Natural Gas,,Grid Electricity,exact,0.384476283020487,False
Poet Biorefining- Big Stone LLC,Big Stone City,SD,OR,64.15,CA,75.07,-10.919999999999987,2025-07-10,2026-05-19,Starch,Starch,DDGS,DDGS,Corn,Corn (009),,Natural Gas,,Grid Electricity,exact,0.37591968918472424,False
Poet Biorefining- Hudson,Hudson,SD,OR,62.99,CA,73.94,-10.949999999999996,2025-07-10,2026-05-19,Starch,Starch,DDGS,DDGS,Corn,Corn (009),,Natural Gas,,Grid Electricity,exact,0.36308479843106944,False
Sterling Ethanol LLC,Sterling,CO,OR,54.12,CA,65.13,-11.009999999999998,2025-07-10,2026-05-19,Starch,Starch,WDGS,WDGS,Corn,Corn (009),,Natural Gas,,Grid Electricity,exact,0.337415016923766,False
Poet Biorefining- Mitchell LLC,Mitchell,SD,OR,55.03,CA,66.07,-11.039999999999992,2025-07-10,2026-05-19,Starch,Starch,WDGS,WDGS,Corn,Corn (009),Natural Gas,Natural Gas,Grid Electricity,Grid Electricity,exact,0.32458012617011733,False
Poet Biorefining- Mitchell LLC,Mitchell,SD,OR,62.55,CA,73.69,-11.14,2025-07-10,2026-05-19,Starch,Starch,DDGS,DDGS,Corn,Corn (009),Natural Gas,Natural Gas,Grid Electricity,Grid Electricity,exact,0.2817971569912762,False
Poet Biorefining- Big Stone LLC,Big Stone City,SD,OR,56.72,CA,67.98,-11.260000000000005,2025-07-10,2026-05-19,Starch,Starch,WDGS,WDGS,Corn,Corn (009),,Natural Gas,,Grid Electricity,exact,0.23045759397666932,False
Mid America Agri Products LLC,Madrid,NE,OR,55.68,CA,66.96,-11.279999999999994,2025-07-10,2026-05-19,Starch,Starch,WDGS,WDGS,Corn,Corn (009),,Natural Gas,,Grid Electricity,exact,0.22190100014090655,False
Huron Energy LLC,Huron,SD,OR,56.09,CA,67.45,-11.36,2025-07-10,2026-05-19,Starch,Starch,WDGS,WDGS,Corn,Corn (009),,Natural Gas,,Grid Electricity,exact,0.18767462479783428,False
Arkalon Ethanol LLC,Liberal,KS,OR,53.05,CA,64.5,-11.450000000000003,2025-07-10,2026-05-19,Starch,Starch,WDGS,WDGS,Corn,Corn (009),Natural Gas,Natural Gas,Grid Electricity,Grid Electricity,exact,0.1491699525368791,False
Trenton Agri Products LLC,Trenton,NE,OR,63.0,CA,74.5,-11.5,2025-07-10,2026-05-19,Starch,Starch,DDGS,DDGS,Corn,Corn (009),Natural Gas,Natural Gas,Grid Electricity,Grid Electricity,exact,0.1277784679474616,False
Poet Biorefining- Hudson,Hudson,SD,OR,55.27,CA,66.79,-11.520000000000003,2025-07-10,2026-05-19,Starch,Starch,WDGS,WDGS,Corn,Corn (009),,Natural Gas,,Grid Electricity,exact,0.11922187411169276,False
The Andersons Marathon Holdings LLC,Denison,IA,OR,60.34,CA,71.88,-11.539999999999992,2025-07-10,2026-05-19,Starch,Starch,DDGS,DDGS,Corn,Corn (009),,Natural Gas,,Grid Electricity,exact,0.11066528027593,False
Poet Biorefining- Chancellor LLC,Chancellor,SD,OR,51.02,CA,62.63,-11.61,2025-07-10,2026-05-19,Starch,Starch,DDGS+WDGS,DDGS + WDGS,Corn,Corn (009),Natural Gas,Biogas,Grid Electricity,Grid Electricity,exact,0.08071720185074062,False
Ringneck Energy & Feed LLC,Onida,SD,OR,52.5,CA,64.17,-11.670000000000002,2025-07-10,2026-05-19,Starch,Starch,WDGS,WDGS,Corn,Corn (009),Natural Gas,Natural Gas,Grid Electricity,Grid Electricity,exact,0.055047420343437174,False
Trenton Agri Products LLC,Trenton,NE,OR,53.09,CA,65.05,-11.959999999999994,2025-07-10,2026-05-19,Starch,Starch,WDGS,WDGS,Corn,Corn (009),Natural Gas,Natural Gas,Grid Electricity,Grid Electricity,exact,-0.06902319027518806,False
Ringneck Energy & Feed LLC,Onida,SD,OR,60.55,CA,72.64,-12.090000000000003,2025-07-10,2026-05-19,Starch,Starch,DDGS,DDGS,Corn,Corn (009),Natural Gas,Natural Gas,Grid Electricity,Grid Electricity,exact,-0.1246410502076809,False
Redfield Energy LLC,Redfield,SD,OR,55.8,CA,68.05,-12.25,2025-07-10,2026-05-19,Starch,Starch,DDGS+MDGS+WDGS,DDGS + WDGS,Corn,Corn (009),,Natural Gas,,Grid Electricity,exact,-0.1930938008938194,False
Poet Biorefining- Groton LLC,Groton,SD,OR,63.41,CA,75.67,-12.260000000000005,2025-07-10,2026-05-19,Starch,Starch,DDGS,DDGS,Corn,Corn (009),,Natural Gas,,Grid Electricity,exact,-0.1973720978117053,False
Dakota Ethanol LLC,Wentworth,SD,OR,60.74,CA,73.05,-12.309999999999995,2025-07-10,2026-05-19,Starch,Starch,DDGS,DDGS,Corn,Corn (009),Natural Gas,Natural Gas,,Grid Electricity,exact,-0.2187635824011198,False
Dakota Ethanol LLC,Wentworth,SD,OR,56.77,CA,69.08,-12.309999999999995,2025-07-10,2026-05-19,Starch,Starch,MDGS,MDGS,Corn,Corn (009),Natural Gas,Natural Gas,,Grid Electricity,exact,-0.2187635824011198,False
Dakota Ethanol LLC,Wentworth,SD,OR,53.14,CA,65.45,-12.310000000000002,2025-07-10,2026-05-19,Starch,Starch,WDGS,WDGS,Corn,Corn (009),Natural Gas,Natural Gas,,Grid Electricity,exact,-0.2187635824011228,False
Chippewa Valley Ethanol Co LLLP,Benson,MN,OR,64.29,CA,76.7,-12.409999999999997,2025-07-10,2026-05-19,Starch,Starch,DDGS,DDGS,Corn,Corn (009),Natural Gas,Natural Gas,,Grid Electricity,exact,-0.2615465515799579,False
Chippewa Valley Ethanol Co LLLP,Benson,MN,OR,56.49,CA,68.9,-12.410000000000004,2025-07-10,2026-05-19,Starch,Starch,WDGS,WDGS,Corn,Corn (009),Natural Gas,Natural Gas,,Grid Electricity,exact,-0.2615465515799609,False
Poet Biorefining- Groton LLC,Groton,SD,OR,56.16,CA,68.73,-12.570000000000007,2025-07-10,2026-05-19,Starch,Starch,WDGS,WDGS,Corn,Corn (009),,Natural Gas,,Grid Electricity,exact,-0.3299993022661024,False
Yuma Ethanol LLC,Yuma,CO,OR,51.86,CA,64.45,-12.590000000000003,2025-07-10,2026-05-19,Starch,Starch,DDGS,WDGS,Corn,Corn (009),,Natural Gas,,Grid Electricity,exact,-0.3385558961018682,False
Kappa Ethanol Ravenna LLC,Ravenna,NE,OR,51.3,CA,63.9,-12.600000000000001,2025-07-10,2026-05-19,Starch,Starch,WDGS,WDGS,Corn,Corn (009),,Natural Gas,,Grid Electricity,exact,-0.3428341930197511,False
Redfield Energy LLC,Redfield,SD,OR,55.31,CA,68.05,-12.739999999999995,2025-07-10,2026-05-19,Starch,Starch,,DDGS + WDGS,Corn,Corn (009),,Natural Gas,,Grid Electricity,exact,-0.40273034987012074,False
Bonanza Bioenergy LLC,Garden City,KS,OR,51.45,CA,64.45,-13.0,2025-07-10,2026-05-19,Starch,Starch,WDGS,WDGS,Corn,Corn (009),Natural Gas,Natural Gas,Grid Electricity,Grid Electricity,exact,-0.5139660697351003,False
Kappa Ethanol Ravenna LLC,Ravenna,NE,OR,61.62,CA,74.68,-13.06000000000001,2025-07-10,2026-05-19,Starch,Starch,DDGS,DDGS,Corn,Corn (009),,Natural Gas,,Grid Electricity,exact,-0.5396358512424069,False
Glacial Lakes Energy,Watertown,SD,OR,60.55,CA,73.64,-13.090000000000003,2025-07-10,2026-05-19,Starch,Starch,DDGS+MDGS,MDGS,Corn,Corn (009),,Natural Gas,,Grid Electricity,exact,-0.5524707419960555,False
Huron Energy LLC,Huron,SD,OR,64.24,CA,77.6,-13.36,2025-07-10,2026-05-19,Starch,Starch,DDGS,DDGS,Corn,Corn (009),,Natural Gas,,Grid Electricity,exact,-0.6679847587789149,False
Western Plains Energy LLC,Oakley,KS,OR,51.44,CA,64.89,-13.450000000000003,2025-07-10,2026-05-19,Starch,Starch,DDGS,WDGS,Corn,Corn (009),,Natural Gas,,Grid Electricity,exact,-0.7064894310398702,False
Bridgeport Ethanol LLC,Bridgeport,NE,OR,51.19,CA,64.79,-13.600000000000009,2025-07-10,2026-05-19,Starch,Starch,DDGS,WDGS,Corn,Corn (009),,Natural Gas,,Grid Electricity,exact,-0.7706638848081288,False
Arkalon Ethanol LLC,Liberal,KS,OR,59.83,CA,73.9,-14.070000000000007,2025-07-10,2026-05-19,Starch,Starch,DDGS,DDGS,Corn,Corn (009),Natural Gas,Natural Gas,Grid Electricity,Grid Electricity,exact,-0.9717438399486643,False
E Energy Adams LLC,Adams,NE,OR,55.71,CA,69.81,-14.100000000000001,2025-07-10,2026-05-19,Starch,Starch,DDGS+MDGS,DDGS + MDGS,Corn,Corn (009),Natural Gas,Natural Gas,Grid Electricity,Grid Electricity,exact,-0.984578730702313,False
Hankinson Renewable Energy LLC,Hankinson,ND,OR,54.39,CA,68.88,-14.489999999999995,2025-07-10,2026-05-19,Starch,Starch,MDGS,MDGS,Corn,Corn (009),,Natural Gas,,Grid Electricity,exact,-1.1514323104997763,False
Hankinson Renewable Energy LLC,Hankinson,ND,OR,57.06,CA,71.67,-14.61,2025-07-10,2026-05-19,Starch,Starch,DDGS,DDGS,Corn,Corn (009),,Natural Gas,,Grid Electricity,exact,-1.2027718735143833,False
Siouxland Ethnaol LLC,Jackson,NE,OR,51.1,CA,66.5,-15.399999999999999,2025-07-10,2026-05-19,Starch,Starch,,DDGS + MDGS,Corn,Corn (009),Biogas,Biogas,,Grid Electricity,exact,-1.5407573300271988,False
The Andersons Marathon Holdings LLC,Denison,IA,OR,56.45,CA,71.93,-15.480000000000004,2025-07-10,2026-05-19,Starch,Starch,MDGS,MDGS,Corn,Corn (009),,Natural Gas,,Grid Electricity,exact,-1.574983705370271,False
