field,outlier_values,normal_values,outlier_unique_values,normal_unique_values,distinguishes_outliers,comment
ca_version_date,05-19-2026,05-19-2026,,,False,overlaps/no clear distinction
ca_expiration_date,,,,,False,overlaps/no clear distinction
ca_pathway_status,,,,,False,overlaps/no clear distinction
ca_feedstock_text,Corn (009),Corn (009),,,False,overlaps/no clear distinction
ca_process_text,Dry Mill,Dry Mill,,,False,overlaps/no clear distinction
ca_coproduct_text,WDGS,DDGS; DDGS + WDGS; WDGS,,DDGS; DDGS + WDGS,False,overlaps/no clear distinction
ca_transport_description,"Midwest Corn, Dry Mill, Dry and Wet DGS, Corn Oil and Syrup using natural gas and grid electricity; Corn starch and Fiber ethanol produced in Corning, Iowa using BPX conversion method; Ethanol transported by rail to California; Midwest Corn, Dry Mill, Dry and Wet DGS; Corn Oil and Syrup using natural gas and grid electricity; Corn starch and Fiber ethanol produced in Coon Rapids, Iowa using BPX conversion method; Ethanol transported by rail to California; Midwest Corn, Dry Mill, Wet and Dry DGS using natural gas and electricity; Starch ethanol produced from Corn using BPX process along with Syrup, Corn Oil in Jewell Iowa; Ethanol transported by rail to California","Midwest Corn, Dry Mill, Dry DGS, Wet DGS; Corn Oil and Syrup using natural gas and grid electricity; Corn starch and Fiber ethanol produced in Hudson, SD, using BPX conversion method; Ethanol transported by rail to California; Midwest Corn, Dry Mill, Dry and Wet DGS; Corn Oil and Syrup using natural gas and grid electricity; Corn starch and Fiber ethanol produced in Groton, SD, using BPX conversion method; Ethanol transported by rail to California; Midwest Corn, Dry Mill, Dry and Wet DGS; Corn Oil and Syrup using natural gas and grid electricity; Corn starch and Fiber ethanol produced in Mitchell, SD using BPX conversion method; Ethanol transported by rail to California; Midwest Corn, Dry Mill; Dry DGS, Corn Oil; Natural Gas, Coal, Grid Electricity; Starch Ethanol produced in South Dakota; Ethanol transported by rail to California.; Midwest Corn, Dry Mill; Dry DGS, Modified, and Wet DGS, Corn oil and Syrup; Natural Gas, Grid Electricity, Biomethane, and Biomass; Starch Ethanol produced in Chancellor, SD;  Ethanol transported by rail to California, Composite CI; Midwest Corn, Dry Mill; Wet DGS, Corn Oil; Natural Gas, Coal, Grid Electricity; Starch Ethanol produced in South Dakota; Ethanol transported by rail to California.","Midwest Corn, Dry Mill, Dry and Wet DGS, Corn Oil and Syrup using natural gas and grid electricity; Corn starch and Fiber ethanol produced in Corning, Iowa using BPX conversion method; Ethanol transported by rail to California; Midwest Corn, Dry Mill, Dry and Wet DGS; Corn Oil and Syrup using natural gas and grid electricity; Corn starch and Fiber ethanol produced in Coon Rapids, Iowa using BPX conversion method; Ethanol transported by rail to California; Midwest Corn, Dry Mill, Wet and Dry DGS using natural gas and electricity; Starch ethanol produced from Corn using BPX process along with Syrup, Corn Oil in Jewell Iowa; Ethanol transported by rail to California","Midwest Corn, Dry Mill, Dry DGS, Wet DGS; Corn Oil and Syrup using natural gas and grid electricity; Corn starch and Fiber ethanol produced in Hudson, SD, using BPX conversion method; Ethanol transported by rail to California; Midwest Corn, Dry Mill, Dry and Wet DGS; Corn Oil and Syrup using natural gas and grid electricity; Corn starch and Fiber ethanol produced in Groton, SD, using BPX conversion method; Ethanol transported by rail to California; Midwest Corn, Dry Mill, Dry and Wet DGS; Corn Oil and Syrup using natural gas and grid electricity; Corn starch and Fiber ethanol produced in Mitchell, SD using BPX conversion method; Ethanol transported by rail to California; Midwest Corn, Dry Mill; Dry DGS, Corn Oil; Natural Gas, Coal, Grid Electricity; Starch Ethanol produced in South Dakota; Ethanol transported by rail to California.; Midwest Corn, Dry Mill; Dry DGS, Modified, and Wet DGS, Corn oil and Syrup; Natural Gas, Grid Electricity, Biomethane, and Biomass; Starch Ethanol produced in Chancellor, SD;  Ethanol transported by rail to California, Composite CI; Midwest Corn, Dry Mill; Wet DGS, Corn Oil; Natural Gas, Coal, Grid Electricity; Starch Ethanol produced in South Dakota; Ethanol transported by rail to California.",True,materially different
ca_destination_market,California,California,,,False,overlaps/no clear distinction
ca_electricity_text,Grid Electricity,Grid Electricity,,,False,overlaps/no clear distinction
ca_gas_text,Natural Gas,Biogas; Natural Gas,,Biogas,False,overlaps/no clear distinction
ca_source_page_or_note,LCFS_Detail,LCFS_Detail,,,False,overlaps/no clear distinction
or_version_date,2025-07-10,2025-07-10,,,False,overlaps/no clear distinction
or_expiration_date,Q4 2025,Q4 2025,,,False,overlaps/no clear distinction
or_pathway_status,,,,,False,overlaps/no clear distinction
or_feedstock_text,Corn,Corn,,,False,overlaps/no clear distinction
or_process_text,Other,Dry Mill; Other,,Dry Mill,False,overlaps/no clear distinction
or_coproduct_text,WDGS,DDGS; DDGS+WDGS; WDGS,,DDGS; DDGS+WDGS,False,overlaps/no clear distinction
or_transport_description,"POET Biorefining - Coon Rapids, LLC (Company ID 4783; Facility ID 70031). Corn Ethanol; Dry/Wet DGS. Railed to Oregon.; POET Biorefining - Corning, LLC (Company ID 5046; Facility ID 70143). Corn Ethanol. Dry/Wet DGS. Railed to Oregon.; POET Biorefining - Jewell, LLC (Company ID 4786; Facility ID 70014). Corn Ethanol. Dry/Wet DGS. Railed to Oregon.","Poet Biorefining (Company ID: 4736) Big Stone (Facility ID: 70025). Midwest Corn, Ethanol, DDGS, Transported by rail to Oregon.; Poet Biorefining (Company ID: 4736) Big Stone (Facility ID: 70025). Midwest Corn, Ethanol, WDGS, Transported by rail to Oregon.; Poet Biorefining (Company ID: 4791) Hudson (Facility ID: 70022). Midwest Corn, Ethanol, DDGS, Transported by rail to Oregon.; Poet Biorefining (Company ID: 4791) Hudson (Facility ID: 70022). Midwest Corn, Ethanol, WDGS, Transported by rail to Oregon.; Poet Biorefining (Company ID: 4793) Groton (Facility ID: 70013). Midwest Corn, Ethanol, DDGS, Transported by rail to Oregon.; Poet Biorefining (Company ID: 4793) Groton (Facility ID: 70013). Midwest Corn, Ethanol, WDGS, Transported by rail to Oregon.; Poet Biorefining-Chancellor. Company ID: 4727. Facility ID: 70012. Midwest Corn, Dry Mill; Dry DGS, Modified, and Wet DGS, Corn oil and Syrup; Natural Gas, Grid Electricity, Biomethane, and Biomass; Starch Ethanol produced in Chancellor, SD; Ethanol transported by rail to Oregon, Composite CI.; Poet Biorefining-Mitchell. Company ID: 4789.  Facility ID: 70016. Pathway Description: Midwest Corn, Dry Mill, Wet DGS; Corn Oil and Syrup using natural gas and grid electricity; Corn starch ethanol produced in  Mitchell, SD; Ethanol transported by rail to Oregon; Poet Biorefining-Mitchell. Company ID: 4789.  Facility ID: 70016.Pathway Description: Midwest Corn, Dry Mill, Dry DGS; Corn Oil and Syrup using natural gas and grid electricity; Corn starch ethanol produced in Mitchell, SD; Ethanol transported by rail to Oregon","POET Biorefining - Coon Rapids, LLC (Company ID 4783; Facility ID 70031). Corn Ethanol; Dry/Wet DGS. Railed to Oregon.; POET Biorefining - Corning, LLC (Company ID 5046; Facility ID 70143). Corn Ethanol. Dry/Wet DGS. Railed to Oregon.; POET Biorefining - Jewell, LLC (Company ID 4786; Facility ID 70014). Corn Ethanol. Dry/Wet DGS. Railed to Oregon.","Poet Biorefining (Company ID: 4736) Big Stone (Facility ID: 70025). Midwest Corn, Ethanol, DDGS, Transported by rail to Oregon.; Poet Biorefining (Company ID: 4736) Big Stone (Facility ID: 70025). Midwest Corn, Ethanol, WDGS, Transported by rail to Oregon.; Poet Biorefining (Company ID: 4791) Hudson (Facility ID: 70022). Midwest Corn, Ethanol, DDGS, Transported by rail to Oregon.; Poet Biorefining (Company ID: 4791) Hudson (Facility ID: 70022). Midwest Corn, Ethanol, WDGS, Transported by rail to Oregon.; Poet Biorefining (Company ID: 4793) Groton (Facility ID: 70013). Midwest Corn, Ethanol, DDGS, Transported by rail to Oregon.; Poet Biorefining (Company ID: 4793) Groton (Facility ID: 70013). Midwest Corn, Ethanol, WDGS, Transported by rail to Oregon.; Poet Biorefining-Chancellor. Company ID: 4727. Facility ID: 70012. Midwest Corn, Dry Mill; Dry DGS, Modified, and Wet DGS, Corn oil and Syrup; Natural Gas, Grid Electricity, Biomethane, and Biomass; Starch Ethanol produced in Chancellor, SD; Ethanol transported by rail to Oregon, Composite CI.; Poet Biorefining-Mitchell. Company ID: 4789.  Facility ID: 70016. Pathway Description: Midwest Corn, Dry Mill, Wet DGS; Corn Oil and Syrup using natural gas and grid electricity; Corn starch ethanol produced in  Mitchell, SD; Ethanol transported by rail to Oregon; Poet Biorefining-Mitchell. Company ID: 4789.  Facility ID: 70016.Pathway Description: Midwest Corn, Dry Mill, Dry DGS; Corn Oil and Syrup using natural gas and grid electricity; Corn starch ethanol produced in Mitchell, SD; Ethanol transported by rail to Oregon",True,materially different
or_destination_market,Oregon,Oregon,,,False,overlaps/no clear distinction
or_electricity_text,,Grid Electricity,,Grid Electricity,False,overlaps/no clear distinction
or_gas_text,,Natural Gas,,Natural Gas,False,overlaps/no clear distinction
or_source_page_or_note,OR_LCFS_Detail,OR_LCFS_Detail,,,False,overlaps/no clear distinction
facility_id,70014; 70031; 70143,70012; 70013; 70016; 70022; 70025,70014; 70031; 70143,70012; 70013; 70016; 70022; 70025,True,materially different
fuel_code,,,,,False,overlaps/no clear distinction
